{
  "session_info": {
    "runtime_minutes": 1.472078227996826,
    "total_frames": 2337,
    "total_blinks": 6,
    "timestamp": "2025-09-02T20:15:52.991443"
  },
  "current_state": {
    "consciousness_level": "DROWSY",
    "confidence": 0.6499999999999999,
    "eye_aspect_ratio": 0.16544783465875862,
    "mouth_aspect_ratio": 0.3624871777094691,
    "head_pose": [
      -148.8474144849801,
      26.83494404555628,
      -171.19001467306612
    ],
    "blink_rate": 4.076604369242441
  },
  "statistics": {
    "avg_eye_aspect_ratio": 0.24272959114734427,
    "avg_mouth_aspect_ratio": 0.36011461113800813,
    "blink_rate_per_minute": 4.0758703483881265,
    "consciousness_distribution": {
      "CONSCIOUS": 13,
      "DROWSY": 7
    }
  }
}